name,state,lat,lon
Kute Panang,Aceh,4.6979157,96.76137940829173
North Labuhanbatu,North Sumatra,2.4634731,99.72287582407526
Sawahlunto,West Sumatra,-0.6818141,100.778552
Langgam,Riau,0.040397,101.6722123
Tebo,Jambi,-1.3884531,102.44058987594906
Handayani Mulya,South Sumatra,-3.303079,103.90467894490517
Bengkulu Tengah,Bengkulu,-3.67122725,102.3875619282469
Lampung Tengah,Lampung,-4.8728473,105.32601289261834
Bangka Selatan,Bangka-Belitung Islands,-2.77689755,106.29395838150067
Natuna,Riau Islands,3.93051655,108.19015031384608
Bandung,West Java,-7.06134235,107.6342883447783
Temanggung,Central Java,-7.2397576,110.12166479843259
Bawuran,Special Region of Yogyakarta,-7.8769216,110.4195518
Jombang,East Java,-7.5384528,112.2379884
Pandeglang,Banten,-6.54737655,105.79948786292081
Tabanan,Bali,-8.5392306,115.1265683
Sumbawa,West Nusa Tenggara,-8.73412725,117.4959869902373
Ngada,East Nusa Tenggara,-8.6499482,120.98670703234544
Sungai Tebelian,West Kalimantan,-0.16192075,111.51762598107955
Katingan,Central Kalimantan,-1.85955785,113.33690507947381
Banjar,South Kalimantan,-3.277563,115.02843886396013
Kutai Timur,East Kalimantan,0.9453606999999999,117.01108842636916
Bolaang Mongondow,North Sulawesi,0.7207701,123.98703667287687
Morowali Utara,Central Sulawesi,-1.8418842,121.07716959122936
South Sulawesi,South Sulawesi,-3.6446718,119.9471906
Konawe Selatan,Southeast Sulawesi,-4.2599185,122.4498522428052
Boalemo,Gorontalo,0.6876201500000001,122.3356833162286
Mamasa,West Sulawesi,-3.0003659,119.32090868335239
Seram Bagian Timur,Maluku,-3.42315865,130.3910924134346
Halmahera Utara,North Maluku,1.6178705,127.8584679014164
Teluk Bintuni,West Papua,-2.1138854,133.5287755
Nduga,Highland Papua,-4.4431202,138.22483809556405
South Tangerang,Banten,-6.3227016,106.7085737
Banyuwangi,East Java,-8.2094973,114.3737201
Madiun,East Java,-7.6290837,111.5168819
Ponorogo,East Java,-7.8710975,111.4623017
Magetan,East Java,-7.6560219,111.3281197
Pacitan,East Java,-8.1017184,111.14467109984247
Ngawi,East Java,-7.402722,111.4443448
Bangkalan,East Java,-7.0294703,112.7473329
Kediri City,East Java,-7.8111057,112.0046051
Bondowoso,East Java,-7.9134402,113.8222709
Blitar,East Java,-8.0982442,112.1650769
Trenggalek,East Java,-8.0490793,111.7090951
Tulungagung,East Java,-8.0661437,111.9008897
Nganjuk,East Java,-7.6023595,111.9010553
Situbondo,East Java,-7.7067843,114.0054142
Kabupaten Malang,East Java,-8.10479815,112.68798721390587
Jember,East Java,-8.1688563,113.7021772
Kota Sumenep,East Java,-7.006745,113.8598666
Cirebon,West Java,-6.7611892,108.45642319654783
Pamekasan,East Java,-7.1605439,113.4826273
Probolinggo,East Java,-7.7441461,113.2158401
Lumajang,East Java,-8.135205,113.2244162
Minahasa Selatan,North Sulawesi,1.07031,124.43616224074206
Kuta,Bali,-8.7278354,115.1730049
Purbalingga,Central Java,-7.3895937,109.3630117
Sidoarjo,East Java,-7.4460408,112.7178614
Cilacap,Central Java,-7.46167105,108.80461463117007
Sooko,East Java,-7.48946,112.4251891
Gresik,East Java,-5.79334655,112.6598223201143
Jombang,East Java,-7.5384528,112.2379884
Mojokerto,East Java,-7.4631537,112.4319852
Surabaya,East Java,-7.2459717,112.7378266
Madiun,East Java,-7.6290837,111.5168819
Blitar,East Java,-8.0982442,112.1650769
Malang,East Java,-7.9771308,112.6340265
Kota Batu,East Java,-7.8711667,112.5269482
Kota Pasuruan,East Java,-7.6399593,112.9070632
Kediri City,East Java,-7.8111057,112.0046051
Kota Probolinggo,East Java,-7.7441461,113.2158401
Batanghari,Jambi,-1.85923875,103.00750018582107
Bungo,Jambi,-1.51518755,101.9989364777984
Kerinci,Jambi,-2.0633382,101.60049438244093
Merangin,Jambi,-2.20844725,102.11710643989184
Jambi,Jambi,-1.6296917,103.6077806
Sarolangun,Jambi,-2.3312458,102.62753289964513
Tanjung Jabung Timur,Jambi,-1.17728865,104.2284818
Muaro Jambi,Jambi,-1.70765435,103.78608017766149
Tebo,Jambi,-1.3884531,102.44058987594906
Jambi,Jambi,-1.6296917,103.6077806
Sungai Penuh,Jambi,-2.0706799,101.3961054
Simeulue Tengah,Aceh,2.6148363,96.01684640313562
Gunung Meriah,Aceh,2.3415604500000002,97.95184380338938
Kluet Tengah,Aceh,3.39863605,97.33874408222226
Lawe Alas,Aceh,3.2712079999999997,97.62311266
Mutiara Timur,Aceh,5.245635,95.98067782776027
Linge,Aceh,4.3571715,97.11612061041062
Woyla Timur,Aceh,4.4629617,96.09772231826823
Indrapuri,Aceh,5.41734295,95.44902221909379
Tangse,Aceh,5.0349945,95.93556520303503
Gandapura,Aceh,5.2252793,96.88293242
Paya Bakong,Aceh,4.9350935499999995,97.22089567345769
Kluet Selatan,Aceh,3.0220241000000003,97.39667127969095
Blang Kejeren,Aceh,3.95208575,97.37487476482782
Kejuruan Muda,Aceh,4.1943295,98.02260565480667
Tadu Raya,Aceh,4.0639322,96.39748569
Setia Bakti,Aceh,4.84135375,95.69388091
Mesidah,Aceh,4.777522,97.04772041390169
Meureudu,Aceh,5.1660835,96.18242030399202
Banda Aceh,Aceh,5.5528455,95.3192908
Sabang,Aceh,5.8927453,95.3225751
Langsa,Aceh,4.4730892,97.9681841
Lhokseumawe,Aceh,5.1789659,97.1480544
Subulussalam,Aceh,2.6403146,98.0052459
Jember,East Java,-8.1688563,113.7021772
Mandailing Natal,North Sumatra,0.7456754999999999,99.21885788
South Tapanuli,North Sumatra,1.5510869,99.21175710833333
Central Tapanuli,North Sumatra,1.82312845,98.27976773073217
North Tapanuli,North Sumatra,1.9980604,99.06476586250315
Toba,North Sumatra,2.38545945,99.33146479493726
Labuhanbatu,North Sumatra,2.58081785,100.21045268770112
Asahan,North Sumatra,3.1127636,99.94169218698525
Simalungun,North Sumatra,2.9505160999999998,98.78353062383172
Dairi,North Sumatra,2.83532105,98.28450159467039
Karo,North Sumatra,3.09987505,98.33697063830981
Deli Serdang,North Sumatra,3.69524335,98.83107449
Langkat,North Sumatra,3.8293858,98.24834954457486
South Nias,North Sumatra,0.0680552,98.26223886860505
Humbang Hasundutan,North Sumatra,2.2475810000000003,98.60101988220362
Pakpak Bharat,North Sumatra,2.52988165,98.26785829127267
Samosir,North Sumatra,2.54469535,98.57191376246578
Serdang Bedagai,North Sumatra,3.5931148,99.15833094660226
Batu Bara,North Sumatra,3.5723293,99.63534445804413
Northern Padang Lawas,North Sumatra,1.6364047,99.69103752459654
Padang Lawas,North Sumatra,1.1527631500000002,99.81547692513078
Sibolga,North Sumatra,1.736957,98.78461
Tanjung Balai,North Sumatra,2.9703419,99.8020903
City of Pematang Siantar,North Sumatra,2.9588631,99.0653646
Serdang Bedagai,North Sumatra,3.5931148,99.15833094660226
City of Medan,North Sumatra,3.5896654,98.6738261
Binjai,North Sumatra,3.6063964,98.4899865
Padang Sidempuan,North Sumatra,1.372696,99.2727172
Kepulauan Mentawai,West Sumatra,-1.3587816,98.89500511469437
Pesisir Selatan,West Sumatra,-1.71857935,100.92702485095103
Solok,West Sumatra,-0.7991165,100.6529829
Sijunjung,West Sumatra,-0.6964425,100.9936303
Rambatan,West Sumatra,-0.55084805,100.57434448006529
Padang Pariaman,West Sumatra,-0.56909175,100.27702620276852
Agam,West Sumatra,-0.2547205,100.17003113862154
Limapuluh,North Sumatra,3.1707308,99.42137177032254
West Pasaman,West Sumatra,0.18753815000000001,99.69351567782829
Solok Selatan,West Sumatra,-1.5573292,101.239478
Dharmasraya,West Sumatra,-1.25863,101.5799056323597
West Pasaman,West Sumatra,0.18753815000000001,99.69351567782829
Padang,West Sumatra,-0.9247587,100.3632561
Solok,West Sumatra,-0.7991165,100.6529829
Sawahlunto,West Sumatra,-0.6818141,100.778552
Padang Panjang,West Sumatra,-0.4654636,100.3932441
Bukittinggi,West Sumatra,-0.3051954,100.3694921
Payakumbuh,West Sumatra,-0.2242687,100.6319419
Pariaman,West Sumatra,-0.6263889,100.1177778
Benai,Riau,-0.445231,101.58121701396561
Batang Cenaku,Riau,-0.6637734,102.2788836
Gaung,Riau,-0.05409145,103.0577548110422
Pelalawan,Riau,0.43811405000000003,102.13151798808715
Central Kalimantan,Central Kalimantan,-1.499583,113.2903307
Kampar Regency,Riau,0.31997325,101.06171228401269
Kepenuhan Hulu,Riau,0.99903295,100.54189019837226
Bengkalis,Riau,1.62570945,102.01531989414266
Bangko Pusako,Riau,1.7455688,100.81620230150517
Kelurahan Rintis,Riau,0.53030895,101.45501217678458
Dumai,Riau,1.6631967,101.4470369
Solok Selatan,West Sumatra,-1.5573292,101.239478
Merangin,Jambi,-2.20844725,102.11710643989184
Sarolangun,Jambi,-2.3312458,102.62753289964513
Batanghari,Jambi,-1.85923875,103.00750018582107
Jambi,Jambi,-1.6296917,103.6077806
Muaro Jambi,Jambi,-1.70765435,103.78608017766149
Tanjung Jabung Timur,Jambi,-1.17728865,104.2284818
Tebo,Jambi,-1.3884531,102.44058987594906
Bungo,Jambi,-1.51518755,101.9989364777984
Jambi,Jambi,-1.6296917,103.6077806
Semidang Aji,South Sumatra,-4.01576425,103.94723978585614
Cengal,South Sumatra,-3.5358742,105.58452009787229
Muara Enim,South Sumatra,-3.6500887,103.7719601
Lahat,South Sumatra,-3.7195712,103.54483872354442
Karang Dapo,South Sumatra,-2.7038163,102.9945159
Batanghari Leko,South Sumatra,-2.6931803,103.7888537
Muara Telang,South Sumatra,-2.66394265,104.86818688062796
Buay Rawan,South Sumatra,-4.63295185,104.04611546325089
Semendawai Timur,South Sumatra,-3.8628295,104.81347800764783
Lubuk Keliat,South Sumatra,-3.4749022,104.61752451149181
Pendopo Barat,South Sumatra,-3.75380055,102.9379924179331
Palembang,South Sumatra,-2.9888243,104.7568507
Prabumulih,South Sumatra,-3.4382688,104.2310181
Pagar Alam,South Sumatra,-4.0209526,103.2501603
Lubuklinggau,South Sumatra,-3.2919136,102.8715732
Bengkulu Selatan,Bengkulu,-4.3589877,103.00203887965941
Rejang Lebong,Bengkulu,-3.4389041,102.69848531445534
Bengkulu Utara,Bengkulu,-3.18913325,101.85764183852012
Kaur,Bengkulu,-4.5905275,103.36526129380955
Seluma,Bengkulu,-4.0768265,102.67178672180137
Mukomuko,Bengkulu,-2.70824215,101.56853428716138
Rantau Bayur,South Sumatra,-3.0086349,104.39737801938509
Kepahiang,Bengkulu,-3.64793635,102.66613926899818
Bengkulu,Bengkulu,-3.7922858,102.2623797
Lampung Barat,Lampung,-5.111704,104.3057866714262
Tanggamus,Lampung,-5.51405375,104.77714350239212
Lampung Selatan,Lampung,-5.54148865,105.51100092534513
Lampung Timur,Lampung,-5.11971165,105.59515146938611
Lampung Tengah,Lampung,-4.8728473,105.32601289261834
Lampung Utara,Lampung,-4.8086085,104.8628814822757
Way Kanan,Lampung,-4.56694035,104.51616024455134
Tulang Bawang,Lampung,-4.39036295,105.55044053917017
Pesawaran,Lampung,-5.4559573,105.08469101016075
Bandar Lampung,Lampung,-5.4460713,105.2643742
Metro,Lampung,-5.1078839,105.3078642
Desa Simpang Katis,Bangka-Belitung Islands,-2.2901091,106.0626877833138
Belitung Timur,Bangka-Belitung Islands,-2.9164574,108.00372175752332
Desa Simpang Katis,Bangka-Belitung Islands,-2.2901091,106.0626877833138
Desa Simpang Katis,Bangka-Belitung Islands,-2.2901091,106.0626877833138
Desa Simpang Katis,Bangka-Belitung Islands,-2.2901091,106.0626877833138
Belitung Timur,Bangka-Belitung Islands,-2.9164574,108.00372175752332
Pangkalpinang,Bangka-Belitung Islands,-2.1206733,106.1134604
Karimun,Riau Islands,0.76538705,103.42874447233233
Bintan,Riau Islands,1.01965765,104.56981887122059
Natuna,Riau Islands,3.93051655,108.19015031384608
Lingga,Riau Islands,-0.5094966,104.41416137114891
Batam,Riau Islands,1.1030815,104.0383696
Tanjung Pinang,Riau Islands,0.9236915,104.446094
Bogor,West Java,-6.5962986,106.7972421
Sukabumi,West Java,-6.9199289,106.9265095
Cianjur,West Java,-6.8224448,107.1392952
Bandung,West Java,-6.9344694,107.6049539
Garut,West Java,-7.2162543,107.9014912
Tasikmalaya,West Java,-7.3262484,108.2201154
Ciamis,West Java,-7.3266659,108.3531111
Kuningan,West Java,-6.9869841,108.5538158340074
Cirebon,West Java,-6.7137044,108.5608483
Majalengka,West Java,-6.8351874,108.2277623
Kuala Behe,West Kalimantan,0.64706325,109.91000867616155
Indramayu,West Java,-6.326433,108.3229169
Subang,West Java,-6.5689807,107.7587397
Purwakarta,West Java,-6.5607313,107.4439799
Karawang,West Java,-6.3042012,107.307897
Bekasi,West Java,-6.2349858,106.9945444
West Bandung,West Java,-6.89775405,107.41242936450845
Bogor,West Java,-6.5962986,106.7972421
Sukabumi,West Java,-6.9199289,106.9265095
Bandung,West Java,-6.9344694,107.6049539
Cirebon,West Java,-6.7137044,108.5608483
Bekasi,West Java,-6.2349858,106.9945444
Depok,West Java,-6.40719,106.8158371
Cimahi City,West Java,-6.8731527,107.5423099
Tasikmalaya,West Java,-7.3262484,108.2201154
Banjar,West Java,-7.3695648,108.5415225
Desa Tambakreja,Central Java,-7.7356561,109.00068169960151
Purwokerto,Central Java,-7.4279011,109.2408501
Purbalingga,Central Java,-7.3895937,109.3630117
Banjarnegara,Central Java,-7.3962647,109.6950531
Kebumen,Central Java,-7.6686894,109.6519465
Purworejo,Central Java,-7.7130761,110.0090605
Wonosobo,Central Java,-7.3588662,109.9032937
Kota Magelang,Central Java,-7.4770747,110.2182164
Boyolali,Central Java,-7.5313771,110.5972919
Klaten,Central Java,-7.7049502,110.6018046
Sukoharjo,Central Java,-7.6815729,110.86772044271632
Wonogiri,Central Java,-7.814198,110.9259617
Karanganyar,Central Java,-7.5975877,110.946872
Sragen,Central Java,-7.4277335,111.023494
Purwodadi,Central Java,-7.0811262,110.9172873
Blora,Central Java,-6.9691528,111.4130521
Rembang,Central Java,-6.7056856,111.3486234
Pati,Central Java,-6.7534144,111.0399982
Kudus,Central Java,-6.8078233,110.8416866
Jepara,Central Java,-6.5899148,110.6672987
Demak,Central Java,-6.8947858,110.6385399
Semarang,Central Java,-6.9903988,110.4229104
Temanggung,Central Java,-7.3162826,110.1755869
Kendal,Central Java,-6.9217033,110.2040344
Batang,Central Java,-7.03235465,109.86795298436223
Pekalongan,Central Java,-6.8905065,109.6761489
Pemalang,Central Java,-6.8903801,109.3806311
Tegal,Central Java,-6.8673767,109.1378833
Brebes,Central Java,-6.870636,109.0369034
Kota Magelang,Central Java,-7.4770747,110.2182164
Surakarta,Central Java,-7.5692489,110.828448
Salatiga,Central Java,-7.3302642,110.4995353
Semarang,Central Java,-6.9903988,110.4229104
Pekalongan,Central Java,-6.8905065,109.6761489
Tegal,Central Java,-6.8673767,109.1378833
Sendangsari,Special Region of Yogyakarta,-7.8176377,110.152945
Bantul,Special Region of Yogyakarta,-7.8877454,110.3274139
Pacarejo,Special Region of Yogyakarta,-8.0174948,110.6227607
Yogyakarta,Special Region of Yogyakarta,-7.8011945,110.364917
Pandeglang,Banten,-6.54737655,105.79948786292081
Lebak,Banten,-6.6432601,106.18727177777018
Tangerang,Banten,-6.1761924,106.6382161
Serang,Banten,-6.1169662,106.1518079
Tangerang,Banten,-6.1761924,106.6382161
Cilegon,Banten,-6.017389,106.0537688
Serang,Banten,-6.1169662,106.1518079
Jembrana,Bali,-8.3955784,114.70546114941027
Tabanan,Bali,-8.5392306,115.1265683
Badung,Bali,-8.64487245,115.13590456876861
Gianyar,Bali,-8.5482357,115.32605401537212
Klungkung Regency,Bali,-8.74460265,115.55754419275121
Bangli,Bali,-8.3333362,115.36828121658453
Indramayu,West Java,-6.44185365,108.17654724128828
Buleleng,Bali,-7.8428262,115.19702946173408
Denpasar,Bali,-8.6524973,115.2191175
Lombok Barat,West Nusa Tenggara,-8.6718889,116.122048
Lombok Tengah,West Nusa Tenggara,-8.703071,116.2899373
Lombok Timur,West Nusa Tenggara,-8.6330934,116.5587704
Sumbawa,West Nusa Tenggara,-8.73412725,117.4959869902373
Dompu,West Nusa Tenggara,-8.5164771,118.33121614464076
Bima,West Nusa Tenggara,-8.4534091,118.727689
Sumbawa Barat,West Nusa Tenggara,-8.658515,116.9161845
Mataram,West Nusa Tenggara,-8.5837726,116.10685
Bima,West Nusa Tenggara,-8.4534091,118.727689
Sumba Barat,East Nusa Tenggara,-9.58570915,119.44394260619363
Desa Katiku Luku,East Nusa Tenggara,-9.9352243,120.3295293
Kupang,East Nusa Tenggara,-10.1632209,123.6017755
Timor Tengah Selatan,East Nusa Tenggara,-9.82305125,124.43559530205364
Timor Tengah Utara,East Nusa Tenggara,-9.340513,124.61066614859645
Malaka,East Nusa Tenggara,-9.54601665,124.87635324295294
Alor,East Nusa Tenggara,-8.29114485,124.7777164000955
Lembata,East Nusa Tenggara,-8.37814435,123.54462658999077
Flores Timur,East Nusa Tenggara,-8.318462,123.16579632309583
Sikka,East Nusa Tenggara,-8.5946841,122.09263522276441
Ende,East Nusa Tenggara,-8.6728675,121.69291732410474
Ngada,East Nusa Tenggara,-8.6499482,120.98670703234544
Manggarai,East Nusa Tenggara,-8.5480146,120.43898618548442
Rote Ndao,East Nusa Tenggara,-10.68702915,123.20843503116711
Manggarai Barat,East Nusa Tenggara,-8.5741281,120.06112521397347
Sumba Tengah,East Nusa Tenggara,-9.5935839,119.66627706284194
Sumba Barat Daya,East Nusa Tenggara,-9.537821,119.16230194503791
Nagekeo,East Nusa Tenggara,-8.67588695,121.27080266734956
Manggarai Timur,East Nusa Tenggara,-8.57382735,120.6863591076901
Kupang,East Nusa Tenggara,-10.1632209,123.6017755
Sambas,West Kalimantan,1.33230095,109.3175718993474
Bengkayang,West Kalimantan,0.8354748999999999,109.48705663109827
Sengah Temila,West Kalimantan,0.32794999999999996,109.68302672635323
Pontianak,West Kalimantan,-0.0226903,109.3447488
Kapuas,West Kalimantan,0.0607056,110.59119887380464
Delta Pawan,West Kalimantan,-1.8477454,109.9727296
Sintang,West Kalimantan,0.0633132,111.50233306836199
Kapuas,Central Kalimantan,-1.9228793,114.33636187676184
Sekadau Hilir,West Kalimantan,0.05199305,110.8982045022521
Sayan,West Kalimantan,-0.73455255,111.73299752791681
Simpang Hilir,West Kalimantan,-1.04815045,110.07314421554506
Sungai Raya,West Kalimantan,-0.2240804,109.77822835857454
Pontianak,West Kalimantan,-0.0226903,109.3447488
Singkawang,West Kalimantan,0.9069861,108.9889657
Tayan Hilir,West Kalimantan,0.016062800000000002,110.1032777229907
South Barito,Central Kalimantan,-1.9228793,114.7888903619555
North Barito,Central Kalimantan,-0.75421105,115.04514465808126
Sukamara,Central Kalimantan,-2.5602491,111.18377187972831
Lamandau,Central Kalimantan,-1.77887445,111.41731653517351
Seruyan,Central Kalimantan,-2.12017655,112.16502507460933
Katingan,Central Kalimantan,-1.85955785,113.33690507947381
Pulang Pisau,Central Kalimantan,-2.746171,114.2622421
Cisarua,West Java,-6.70841215,106.96227504141362
East Barito,Central Kalimantan,-1.98191085,115.18038763971668
Murung Raya,Central Kalimantan,-0.06845085,114.17318186408708
Palangka Raya,Central Kalimantan,-2.2072919,113.9164372
Tanah Laut,South Kalimantan,-3.8440385,114.98885931183128
Banjar,West Java,-7.3695648,108.5415225
Barito Kuala,South Kalimantan,-3.01929635,114.6779323066177
Tapin,South Kalimantan,-2.86227295,115.01096398201116
Hulu Sungai Selatan,South Kalimantan,-2.71258085,115.15877705354862
Hulu Sungai Tengah,South Kalimantan,-2.6187577,115.42929968958293
Hulu Sungai Utara,South Kalimantan,-2.4242449,115.15970607601024
Tabalong,South Kalimantan,-1.8363209,115.51553368747264
Tanah Bumbu,South Kalimantan,-3.44733285,115.70639332550724
Balangan,South Kalimantan,-2.28789725,115.62054766845205
Banjarmasin,South Kalimantan,-3.3187496,114.5925828
Banjarbaru,South Kalimantan,-3.4397517,114.8309351
Paser,East Kalimantan,-1.6896674,116.01582182012987
East Kalimantan,East Kalimantan,0.7884397,116.2419977
Kutai Kartanegara,East Kalimantan,0.19563304999999998,116.20041670228474
Kutai Timur,East Kalimantan,0.9453606999999999,117.01108842636916
Berau,East Kalimantan,1.77675355,117.26917636895378
Malinau,North Kalimantan,2.6185545,115.69049695186618
Bulungan,North Kalimantan,2.76203405,117.07434677546522
Nunukan,North Kalimantan,3.9074565000000003,117.04235063789662
Penajam Paser Utara,East Kalimantan,-1.1973862,116.56730326735101
Tana Tidung,North Kalimantan,3.5553285,117.04466025559535
Balikpapan,East Kalimantan,-1.2398711,116.8593379
Samarinda,East Kalimantan,-0.5017804,117.1393089
Tarakan,North Kalimantan,3.3000169,117.6330159
Bontang,East Kalimantan,0.1236548,117.471708
Bolaang Mongondow,North Sulawesi,0.7207701,123.98703667287687
Minahasa Tenggara,North Sulawesi,0.98826725,124.7306505503255
Kepulauan Sangihe,North Sulawesi,3.5527078999999997,125.54656453706113
Talaud Islands,North Sulawesi,4.2694929,126.81354994457188
Minahasa Selatan,North Sulawesi,1.07031,124.43616224074206
Minahasa Utara,North Sulawesi,1.5183648,125.00042644621239
Bolaang Mongondow Utara,North Sulawesi,0.7599112,123.48493750899733
North Sulawesi,North Sulawesi,0.6555692,124.090151
Minahasa Tenggara,North Sulawesi,0.98826725,124.7306505503255
Manado,North Sulawesi,1.4900578,124.8408708
Bitung,North Sulawesi,1.44344,125.1940836
Tomohon,North Sulawesi,1.3255914,124.838605
Kotamobagu,North Sulawesi,0.7352231,124.3154057
Banggai Laut Regency,Central Sulawesi,-1.8427943,123.10260764338364
Banggai Laut Regency,Central Sulawesi,-1.8427943,123.10260764338364
Bungku Barat,Central Sulawesi,-2.35515285,121.65622391958854
Poso Regency,Central Sulawesi,-1.6568513,120.5421575
Donggala Regency,Central Sulawesi,-1.04782015,119.67584652002927
Kecamatan Ogo Deide,Central Sulawesi,0.88087905,120.69572672726544
Buol,Central Sulawesi,1.0123735,121.3120524
Parigi Moutong Regency,Central Sulawesi,-0.23836055,119.95993110540971
Tojo Una-Una Regency,Central Sulawesi,-1.21313785,121.61960745763055
Kecamatan Ulujadi,Central Sulawesi,-0.896493,119.85558786680411
Pangkajene dan Kepulauan,South Sulawesi,-4.75444955,119.58931052015694
Barru,South Sulawesi,-4.4337339,119.67782733955559
Pinrang,South Sulawesi,-3.7932568,119.6528692
Enrekang,South Sulawesi,-3.5657184,119.7724109
South Sulawesi,South Sulawesi,-3.6446718,119.9471906
Tana Toraja Regency,South Sulawesi,-3.1169403,119.6937644
South Sulawesi,South Sulawesi,-3.6446718,119.9471906
South Sulawesi,South Sulawesi,-3.6446718,119.9471906
Makassar,South Sulawesi,-5.1342962,119.4124282
Pare-Pare,South Sulawesi,-4.0057055,119.6236101
Palopo,South Sulawesi,-2.9996306,120.1920679
Buton,Southeast Sulawesi,-5.35434535,122.95065902964967
Muna Barat,Southeast Sulawesi,-4.80367125,122.45145451148004
Konawe,Southeast Sulawesi,-3.5116689,121.6523286664166
Kolaka,Southeast Sulawesi,-4.1213511,121.69294438375823
Konawe Selatan,Southeast Sulawesi,-4.2599185,122.4498522428052
Bombana,Southeast Sulawesi,-4.6392558,121.75721102650508
Wakatobi,Southeast Sulawesi,-5.3156704,123.58504369734993
Kolaka Utara,Southeast Sulawesi,-3.2605039,121.09339837246316
Southeast Sulawesi,Southeast Sulawesi,-3.5491199,121.7279646
Konawe Utara,Southeast Sulawesi,-3.4549579,121.97625695169512
Kendari,Southeast Sulawesi,-3.9918068,122.5180066
Baubau,Southeast Sulawesi,-5.4620298,122.6057655
Boalemo,Gorontalo,0.6876201500000001,122.3356833162286
Gorontalo,Gorontalo,0.5384433,123.0594971
Pohuwato,Gorontalo,0.70182105,121.64707463776901
Bone Bolango,Gorontalo,0.5564031,123.30997053104662
Gorontalo Utara,Gorontalo,0.86619755,123.04952863746922
Gorontalo,Gorontalo,0.5384433,123.0594971
Majene,West Sulawesi,-3.5459286,118.9607438
Polewali Mandar,West Sulawesi,-3.3031896,119.1450522025905
Mamasa,West Sulawesi,-3.0003659,119.32090868335239
Mamuju,West Sulawesi,-2.6757443,118.8885839
Pasangkayu,West Sulawesi,-1.3447436,119.37951116599089
Kepulauan Tanimbar,Maluku,-7.5740504,131.42239399371346
Maluku Tenggara,Maluku,-5.77148835,132.73776002114303
Maluku Tengah,Maluku,-3.1214456,129.45999219128663
Buru,Maluku,-3.35390945,126.64891836944999
Aru Islands,Maluku,-6.2281475,134.49796567482778
Seram Bagian Barat,Maluku,-3.1642057,128.48365583768998
Seram Bagian Timur,Maluku,-3.42315865,130.3910924134346
Ambon,Maluku,-3.6959434,128.178785
Tual,Maluku,-5.6389933,132.7429249
Halmahera Timur,North Maluku,1.0027852,128.24879355139635
Halmahera Timur,North Maluku,1.0027852,128.24879355139635
North Maluku,North Maluku,0.6301215,127.9720219
Halmahera Timur,North Maluku,1.0027852,128.24879355139635
Halmahera Timur,North Maluku,1.0027852,128.24879355139635
Halmahera Timur,North Maluku,1.0027852,128.24879355139635
Ternate,North Maluku,0.7852338,127.3831752
Tidore Kepulauan,North Maluku,0.6786796,127.4483156
Fakfak,West Papua,-3.27040235,133.08884774738942
Kaimana,West Papua,-3.51583585,134.3165746374882
Teluk Wondama,West Papua,-2.63252505,134.5661466112706
Teluk Bintuni,West Papua,-2.1138854,133.5287755
Manokwari,West Papua,-0.8614456,134.0767324
Sorong,Southwest Papua,-0.8634105,131.2544805
Sorong,Southwest Papua,-0.8634105,131.2544805
Raja Ampat,Southwest Papua,-0.7125553,130.30344727618905
Sorong,Southwest Papua,-0.8634105,131.2544805
Mandala,South Papua,-8.5067725,140.4052487
Muliama,Highland Papua,-4.00515595,138.79116670619032
Jayapura,Papua,-2.5387539,140.7037389
Kabupaten Nabire,Central Papua,-3.34679705,135.95027197764264
Yapen Islands Regency,Papua,-1.7558371,136.36645232326111
Biak Numfor,Papua,-0.94260305,135.94141931810083
Paniai,Central Papua,-3.7426381,136.37780657611273
Mimika,Central Papua,-4.58752585,136.94779637745836
Boven Digoel,South Papua,-6.1058244,140.3130821
Mappi,South Papua,-6.3295533,139.2877311769568
Asmat,South Papua,-5.53144865,138.78969207926625
Yahukimo,Highland Papua,-4.3739458,139.46481619972155
Pegunungan Bintang,Highland Papua,-4.47549205,140.55767765000002
Tolikara,Highland Papua,-3.4496601,138.34912941377996
Sarmi,Papua,-1.8546889,138.7492642
Keerom,Papua,-3.33359215,140.67266248352973
Waropen Regency,Papua,-2.71879645,136.65041114488832
Supiori,Papua,-0.7535972,135.63496449965294
Mamberamo Raya,Papua,-2.39570045,137.81688352876023
Jayapura,Papua,-2.5387539,140.7037389
North Labuhanbatu,North Sumatra,2.4634731,99.72287582407526
South Labuhanbatu,North Sumatra,1.83365285,100.06837229666323
West Nias,North Sumatra,0.8964868,97.34332682
West Nias,North Sumatra,0.8964868,97.34332682
Gunungsitoli,North Sumatra,1.2900569,97.6150768
Tebing Tinggi Barat,Riau,0.87785565,102.52801484903827
Sungai Penuh,Jambi,-2.0706799,101.3961054
Bengkulu,Bengkulu,-3.7922858,102.2623797
Tulang Bawang Barat,Lampung,-4.43242555,105.16826426180435
Pringsewu,Lampung,-5.36668925,104.97221206481078
Mesuji,Lampung,-3.97541905,105.37494356303489
Lingga,Riau Islands,-0.5094966,104.41416137114891
Kepulauan Anambas,Riau Islands,2.93890105,105.76025801074812
Sumberadi,Special Region of Yogyakarta,-7.721218,110.337785
South Tangerang,Banten,-6.3227016,106.7085737
Lombok Utara,West Nusa Tenggara,-8.3572425,116.1609208
Sabu Raijua,East Nusa Tenggara,-10.52223145,121.88845836848473
Bongkudai Baru,North Sulawesi,0.7649432,124.443775
Bolaang Mongondow Selatan,North Sulawesi,0.45333599999999996,124.17963002979505
Sigi Regency,Central Sulawesi,-1.3211588,119.9987265
Toraja Utara,South Sulawesi,-2.861242,119.84201182894404
Maluku Barat Daya,Maluku,-7.7867206,126.24278269900458
Buru,Maluku,-3.35390945,126.64891836944999
Pulau Morotai,North Maluku,2.31292335,128.4418555663806
Tambrauw,Southwest Papua,-0.85012825,132.7243580581813
Mamberamo Raya,Papua,-2.39570045,137.81688352876023
Yalimo,Highland Papua,-3.7353308,139.55058153295795
Lanny Jaya,Highland Papua,-3.9977349,138.37311646689645
Nduga,Highland Papua,-4.4431202,138.22483809556405
Cisarua,West Java,-6.70841215,106.96227504141362
Dogiyai,Central Papua,-4.00475095,135.71669639990017
Intan Jaya,Central Papua,-3.5229883,136.71846614467228
Deiyai,Central Papua,-4.18793855,136.44531264172787