latitude,longitude,location,area
4.75,96.75,"4.6979157,96.76137940829172","Kute Panang, Aceh"
2.5,99.75,"2.4634731,99.72287582407526","North Labuhanbatu, North Sumatra"
-0.75,100.75,"-0.6818141,100.778552","Sawahlunto, West Sumatra"
0.0,101.75,"0.040397,101.6722123","Langgam, Riau"
-1.5,102.5,"-1.3884531,102.44058987594906","Tebo, Jambi"
-3.25,104.0,"-3.303079,103.90467894490516","Handayani Mulya, South Sumatra"
-3.75,102.5,"-3.67122725,102.3875619282469","Bengkulu Tengah, Bengkulu"
-4.75,105.25,"-4.8728473,105.32601289261834","Lampung Tengah, Lampung"
-2.75,106.25,"-2.77689755,106.29395838150069","Bangka Selatan, Bangka-Belitung Islands"
4.0,108.25,"3.93051655,108.19015031384608","Natuna, Riau Islands"
-7.0,107.75,"-7.06134235,107.6342883447783","Bandung, West Java"
-7.25,110.0,"-7.2397576,110.1216647984326","Temanggung, Central Java"
-8.0,110.5,"-7.8769216,110.4195518","Bawuran, Special Region of Yogyakarta"
-7.5,112.25,"-7.5384528,112.2379884","Jombang, East Java"
-6.5,105.75,"-6.54737655,105.7994878629208","Pandeglang, Banten"
-8.5,115.25,"-8.5392306,115.1265683","Tabanan, Bali"
-8.75,117.5,"-8.73412725,117.4959869902373","Sumbawa, West Nusa Tenggara"
-8.75,121.0,"-8.6499482,120.98670703234544","Ngada, East Nusa Tenggara"
-0.25,111.5,"-0.16192075,111.51762598107956","Sungai Tebelian, West Kalimantan"
-1.75,113.25,"-1.85955785,113.3369050794738","Katingan, Central Kalimantan"
-3.25,115.0,"-3.277563,115.02843886396012","Banjar, South Kalimantan"
1.0,117.0,"0.9453607,117.01108842636916","Kutai Timur, East Kalimantan"
0.75,124.0,"0.7207701,123.98703667287688","Bolaang Mongondow, North Sulawesi"
-1.75,121.0,"-1.8418842,121.07716959122936","Morowali Utara, Central Sulawesi"
-3.75,120.0,"-3.6446718,119.9471906","South Sulawesi, South Sulawesi"
-4.25,122.5,"-4.2599185,122.4498522428052","Konawe Selatan, Southeast Sulawesi"
0.75,122.25,"0.6876201500000001,122.3356833162286","Boalemo, Gorontalo"
-3.0,119.25,"-3.0003659,119.3209086833524","Mamasa, West Sulawesi"
-3.5,130.5,"-3.42315865,130.3910924134346","Seram Bagian Timur, Maluku"
1.5,127.75,"1.6178705,127.8584679014164","Halmahera Utara, North Maluku"
-2.0,133.5,"-2.1138854,133.5287755","Teluk Bintuni, West Papua"
-4.5,138.25,"-4.4431202,138.22483809556405","Nduga, Highland Papua"
-6.25,106.75,"-6.3227016,106.7085737","South Tangerang, Banten"
-8.25,114.25,"-8.2094973,114.3737201","Banyuwangi, East Java"
-7.75,111.5,"-7.6290837,111.5168819","Madiun, East Java"
-7.75,111.5,"-7.8710975,111.4623017","Ponorogo, East Java"
-7.75,111.25,"-7.6560219,111.3281197","Magetan, East Java"
-8.0,111.25,"-8.1017184,111.14467109984248","Pacitan, East Java"
-7.5,111.5,"-7.402722,111.4443448","Ngawi, East Java"
-7.0,112.75,"-7.0294703,112.7473329","Bangkalan, East Java"
-7.75,112.0,"-7.8111057,112.0046051","Kediri City, East Java"
-8.0,113.75,"-7.9134402,113.8222709","Bondowoso, East Java"
-8.0,112.25,"-8.0982442,112.1650769","Blitar, East Java"
-8.0,111.75,"-8.0490793,111.7090951","Trenggalek, East Java"
-8.0,112.0,"-8.0661437,111.9008897","Tulungagung, East Java"
-7.5,112.0,"-7.6023595,111.9010553","Nganjuk, East Java"
-7.75,114.0,"-7.7067843,114.0054142","Situbondo, East Java"
-8.0,112.75,"-8.10479815,112.68798721390588","Kabupaten Malang, East Java"
-8.25,113.75,"-8.1688563,113.7021772","Jember, East Java"
-7.0,113.75,"-7.006745,113.8598666","Kota Sumenep, East Java"
-6.75,108.5,"-6.7611892,108.45642319654785","Cirebon, West Java"
-7.25,113.5,"-7.1605439,113.4826273","Pamekasan, East Java"
-7.75,113.25,"-7.7441461,113.2158401","Probolinggo, East Java"
-8.25,113.25,"-8.135205,113.2244162","Lumajang, East Java"
1.0,124.5,"1.07031,124.43616224074206","Minahasa Selatan, North Sulawesi"
-8.75,115.25,"-8.7278354,115.1730049","Kuta, Bali"
-7.5,109.25,"-7.3895937,109.3630117","Purbalingga, Central Java"
-7.5,112.75,"-7.4460408,112.7178614","Sidoarjo, East Java"
-7.5,108.75,"-7.46167105,108.80461463117008","Cilacap, Central Java"
-7.5,112.5,"-7.48946,112.4251891","Sooko, East Java"
-5.75,112.75,"-5.79334655,112.6598223201143","Gresik, East Java"
-7.5,112.5,"-7.4631537,112.4319852","Mojokerto, East Java"
-7.25,112.75,"-7.2459717,112.7378266","Surabaya, East Java"
-8.0,112.75,"-7.9771308,112.6340265","Malang, East Java"
-7.75,112.5,"-7.8711667,112.5269482","Kota Batu, East Java"
-7.75,113.0,"-7.6399593,112.9070632","Kota Pasuruan, East Java"
-7.75,113.25,"-7.7441461,113.2158401","Kota Probolinggo, East Java"
-1.75,103.0,"-1.85923875,103.00750018582109","Batanghari, Jambi"
-1.5,102.0,"-1.51518755,101.9989364777984","Bungo, Jambi"
-2.0,101.5,"-2.0633382,101.60049438244091","Kerinci, Jambi"
-2.25,102.0,"-2.20844725,102.11710643989184","Merangin, Jambi"
-1.75,103.5,"-1.6296917,103.6077806","Jambi, Jambi"
-2.25,102.75,"-2.3312458,102.62753289964512","Sarolangun, Jambi"
-1.25,104.25,"-1.17728865,104.2284818","Tanjung Jabung Timur, Jambi"
-1.75,103.75,"-1.70765435,103.78608017766147","Muaro Jambi, Jambi"
-2.0,101.5,"-2.0706799,101.3961054","Sungai Penuh, Jambi"
2.5,96.0,"2.6148363,96.01684640313562","Simeulue Tengah, Aceh"
2.25,98.0,"2.34156045,97.95184380338938","Gunung Meriah, Aceh"
3.5,97.25,"3.39863605,97.33874408222226","Kluet Tengah, Aceh"
3.25,97.5,"3.2712079999999997,97.62311266","Lawe Alas, Aceh"
5.25,96.0,"5.245635,95.98067782776027","Mutiara Timur, Aceh"
4.25,97.0,"4.3571715,97.11612061041062","Linge, Aceh"
4.5,96.0,"4.4629617,96.09772231826824","Woyla Timur, Aceh"
5.5,95.5,"5.41734295,95.4490222190938","Indrapuri, Aceh"
5.0,96.0,"5.0349945,95.93556520303504","Tangse, Aceh"
5.25,97.0,"5.2252793,96.88293242","Gandapura, Aceh"
5.0,97.25,"4.9350935499999995,97.22089567345768","Paya Bakong, Aceh"
3.0,97.5,"3.0220241000000003,97.39667127969096","Kluet Selatan, Aceh"
4.0,97.25,"3.95208575,97.37487476482782","Blang Kejeren, Aceh"
4.25,98.0,"4.1943295,98.02260565480668","Kejuruan Muda, Aceh"
4.0,96.5,"4.0639322,96.39748569","Tadu Raya, Aceh"
4.75,95.75,"4.84135375,95.69388091","Setia Bakti, Aceh"
4.75,97.0,"4.777522,97.04772041390169","Mesidah, Aceh"
5.25,96.25,"5.1660835,96.18242030399202","Meureudu, Aceh"
5.5,95.25,"5.5528455,95.3192908","Banda Aceh, Aceh"
6.0,95.25,"5.8927453,95.3225751","Sabang, Aceh"
4.5,98.0,"4.4730892,97.9681841","Langsa, Aceh"
5.25,97.25,"5.1789659,97.1480544","Lhokseumawe, Aceh"
2.75,98.0,"2.6403146,98.0052459","Subulussalam, Aceh"
0.75,99.25,"0.7456754999999999,99.21885788","Mandailing Natal, North Sumatra"
1.5,99.25,"1.5510869,99.21175710833332","South Tapanuli, North Sumatra"
1.75,98.25,"1.82312845,98.27976773073216","Central Tapanuli, North Sumatra"
2.0,99.0,"1.9980604,99.06476586250317","North Tapanuli, North Sumatra"
2.5,99.25,"2.38545945,99.33146479493726","Toba, North Sumatra"
2.5,100.25,"2.58081785,100.21045268770112","Labuhanbatu, North Sumatra"
3.0,100.0,"3.1127636,99.94169218698524","Asahan, North Sumatra"
3.0,98.75,"2.9505161,98.78353062383172","Simalungun, North Sumatra"
2.75,98.25,"2.83532105,98.2845015946704","Dairi, North Sumatra"
3.0,98.25,"3.09987505,98.3369706383098","Karo, North Sumatra"
3.75,98.75,"3.69524335,98.83107449","Deli Serdang, North Sumatra"
3.75,98.25,"3.8293858,98.24834954457486","Langkat, North Sumatra"
0.0,98.25,"0.0680552,98.26223886860504","South Nias, North Sumatra"
2.25,98.5,"2.2475810000000003,98.60101988220362","Humbang Hasundutan, North Sumatra"
2.5,98.25,"2.52988165,98.26785829127267","Pakpak Bharat, North Sumatra"
2.5,98.5,"2.54469535,98.57191376246578","Samosir, North Sumatra"
3.5,99.25,"3.5931148,99.15833094660226","Serdang Bedagai, North Sumatra"
3.5,99.75,"3.5723293,99.63534445804412","Batu Bara, North Sumatra"
1.75,99.75,"1.6364047,99.69103752459654","Northern Padang Lawas, North Sumatra"
1.25,99.75,"1.1527631500000002,99.81547692513078","Padang Lawas, North Sumatra"
1.75,98.75,"1.736957,98.78461","Sibolga, North Sumatra"
3.0,99.75,"2.9703419,99.8020903","Tanjung Balai, North Sumatra"
3.0,99.0,"2.9588631,99.0653646","City of Pematang Siantar, North Sumatra"
3.5,98.75,"3.5896654,98.6738261","City of Medan, North Sumatra"
3.5,98.5,"3.6063964,98.4899865","Binjai, North Sumatra"
1.25,99.25,"1.372696,99.2727172","Padang Sidempuan, North Sumatra"
-1.25,99.0,"-1.3587816,98.89500511469436","Kepulauan Mentawai, West Sumatra"
-1.75,101.0,"-1.71857935,100.92702485095104","Pesisir Selatan, West Sumatra"
-0.75,100.75,"-0.7991165,100.6529829","Solok, West Sumatra"
-0.75,101.0,"-0.6964425,100.9936303","Sijunjung, West Sumatra"
-0.5,100.5,"-0.55084805,100.57434448006528","Rambatan, West Sumatra"
-0.5,100.25,"-0.56909175,100.27702620276852","Padang Pariaman, West Sumatra"
-0.25,100.25,"-0.2547205,100.17003113862154","Agam, West Sumatra"
3.25,99.5,"3.1707308,99.42137177032254","Limapuluh, North Sumatra"
0.25,99.75,"0.18753815,99.69351567782827","West Pasaman, West Sumatra"
-1.5,101.25,"-1.5573292,101.239478","Solok Selatan, West Sumatra"
-1.25,101.5,"-1.25863,101.5799056323597","Dharmasraya, West Sumatra"
-1.0,100.25,"-0.9247587,100.3632561","Padang, West Sumatra"
-0.5,100.5,"-0.4654636,100.3932441","Padang Panjang, West Sumatra"
-0.25,100.25,"-0.3051954,100.3694921","Bukittinggi, West Sumatra"
-0.25,100.75,"-0.2242687,100.6319419","Payakumbuh, West Sumatra"
-0.75,100.0,"-0.6263889,100.1177778","Pariaman, West Sumatra"
-0.5,101.5,"-0.445231,101.5812170139656","Benai, Riau"
-0.75,102.25,"-0.6637734,102.2788836","Batang Cenaku, Riau"
0.0,103.0,"-0.05409145,103.0577548110422","Gaung, Riau"
0.5,102.25,"0.43811405,102.13151798808715","Pelalawan, Riau"
-1.5,113.25,"-1.499583,113.2903307","Central Kalimantan, Central Kalimantan"
0.25,101.0,"0.31997325,101.06171228401269","Kampar Regency, Riau"
1.0,100.5,"0.99903295,100.54189019837226","Kepenuhan Hulu, Riau"
1.75,102.0,"1.62570945,102.01531989414266","Bengkalis, Riau"
1.75,100.75,"1.7455688,100.81620230150516","Bangko Pusako, Riau"
0.5,101.5,"0.53030895,101.45501217678458","Kelurahan Rintis, Riau"
1.75,101.5,"1.6631967,101.4470369","Dumai, Riau"
-4.0,104.0,"-4.01576425,103.94723978585614","Semidang Aji, South Sumatra"
-3.5,105.5,"-3.5358742,105.58452009787229","Cengal, South Sumatra"
-3.75,103.75,"-3.6500887,103.7719601","Muara Enim, South Sumatra"
-3.75,103.5,"-3.7195712,103.54483872354442","Lahat, South Sumatra"
-2.75,103.0,"-2.7038163,102.9945159","Karang Dapo, South Sumatra"
-2.75,103.75,"-2.6931803,103.7888537","Batanghari Leko, South Sumatra"
-2.75,104.75,"-2.66394265,104.86818688062796","Muara Telang, South Sumatra"
-4.75,104.0,"-4.63295185,104.04611546325089","Buay Rawan, South Sumatra"
-3.75,104.75,"-3.8628295,104.81347800764784","Semendawai Timur, South Sumatra"
-3.5,104.5,"-3.4749022,104.6175245114918","Lubuk Keliat, South Sumatra"
-3.75,103.0,"-3.75380055,102.9379924179331","Pendopo Barat, South Sumatra"
-3.0,104.75,"-2.9888243,104.7568507","Palembang, South Sumatra"
-3.5,104.25,"-3.4382688,104.2310181","Prabumulih, South Sumatra"
-4.0,103.25,"-4.0209526,103.2501603","Pagar Alam, South Sumatra"
-3.25,102.75,"-3.2919136,102.8715732","Lubuklinggau, South Sumatra"
-4.25,103.0,"-4.3589877,103.0020388796594","Bengkulu Selatan, Bengkulu"
-3.5,102.75,"-3.4389041,102.69848531445534","Rejang Lebong, Bengkulu"
-3.25,101.75,"-3.18913325,101.85764183852012","Bengkulu Utara, Bengkulu"
-4.5,103.25,"-4.5905275,103.36526129380955","Kaur, Bengkulu"
-4.0,102.75,"-4.0768265,102.67178672180135","Seluma, Bengkulu"
-2.75,101.5,"-2.70824215,101.56853428716138","Mukomuko, Bengkulu"
-3.0,104.5,"-3.0086349,104.39737801938509","Rantau Bayur, South Sumatra"
-3.75,102.75,"-3.64793635,102.66613926899818","Kepahiang, Bengkulu"
-3.75,102.25,"-3.7922858,102.2623797","Bengkulu, Bengkulu"
-5.0,104.25,"-5.111704,104.3057866714262","Lampung Barat, Lampung"
-5.5,104.75,"-5.51405375,104.77714350239212","Tanggamus, Lampung"
-5.5,105.5,"-5.54148865,105.51100092534512","Lampung Selatan, Lampung"
-5.0,105.5,"-5.11971165,105.59515146938612","Lampung Timur, Lampung"
-4.75,104.75,"-4.8086085,104.8628814822757","Lampung Utara, Lampung"
-4.5,104.5,"-4.56694035,104.51616024455134","Way Kanan, Lampung"
-4.5,105.5,"-4.39036295,105.55044053917015","Tulang Bawang, Lampung"
-5.5,105.0,"-5.4559573,105.08469101016075","Pesawaran, Lampung"
-5.5,105.25,"-5.4460713,105.2643742","Bandar Lampung, Lampung"
-5.0,105.25,"-5.1078839,105.3078642","Metro, Lampung"
-2.25,106.0,"-2.2901091,106.0626877833138","Desa Simpang Katis, Bangka-Belitung Islands"
-3.0,108.0,"-2.9164574,108.00372175752332","Belitung Timur, Bangka-Belitung Islands"
-2.0,106.0,"-2.1206733,106.1134604","Pangkalpinang, Bangka-Belitung Islands"
0.75,103.5,"0.76538705,103.42874447233233","Karimun, Riau Islands"
1.0,104.5,"1.01965765,104.5698188712206","Bintan, Riau Islands"
-0.5,104.5,"-0.5094966,104.41416137114892","Lingga, Riau Islands"
1.0,104.0,"1.1030815,104.0383696","Batam, Riau Islands"
1.0,104.5,"0.9236915,104.446094","Tanjung Pinang, Riau Islands"
-6.5,106.75,"-6.5962986,106.7972421","Bogor, West Java"
-7.0,107.0,"-6.9199289,106.9265095","Sukabumi, West Java"
-6.75,107.25,"-6.8224448,107.1392952","Cianjur, West Java"
-7.0,107.5,"-6.9344694,107.6049539","Bandung, West Java"
-7.25,108.0,"-7.2162543,107.9014912","Garut, West Java"
-7.25,108.25,"-7.3262484,108.2201154","Tasikmalaya, West Java"
-7.25,108.25,"-7.3266659,108.3531111","Ciamis, West Java"
-7.0,108.5,"-6.9869841,108.5538158340074","Kuningan, West Java"
-6.75,108.5,"-6.7137044,108.5608483","Cirebon, West Java"
-6.75,108.25,"-6.8351874,108.2277623","Majalengka, West Java"
0.75,110.0,"0.64706325,109.91000867616155","Kuala Behe, West Kalimantan"
-6.25,108.25,"-6.326433,108.3229169","Indramayu, West Java"
-6.5,107.75,"-6.5689807,107.7587397","Subang, West Java"
-6.5,107.5,"-6.5607313,107.4439799","Purwakarta, West Java"
-6.25,107.25,"-6.3042012,107.307897","Karawang, West Java"
-6.25,107.0,"-6.2349858,106.9945444","Bekasi, West Java"
-7.0,107.5,"-6.89775405,107.41242936450844","West Bandung, West Java"
-6.5,106.75,"-6.40719,106.8158371","Depok, West Java"
-6.75,107.5,"-6.8731527,107.5423099","Cimahi City, West Java"
-7.25,108.5,"-7.3695648,108.5415225","Banjar, West Java"
-7.75,109.0,"-7.7356561,109.00068169960151","Desa Tambakreja, Central Java"
-7.5,109.25,"-7.4279011,109.2408501","Purwokerto, Central Java"
-7.5,109.75,"-7.3962647,109.6950531","Banjarnegara, Central Java"
-7.75,109.75,"-7.6686894,109.6519465","Kebumen, Central Java"
-7.75,110.0,"-7.7130761,110.0090605","Purworejo, Central Java"
-7.25,110.0,"-7.3588662,109.9032937","Wonosobo, Central Java"
-7.5,110.25,"-7.4770747,110.2182164","Kota Magelang, Central Java"
-7.5,110.5,"-7.5313771,110.5972919","Boyolali, Central Java"
-7.75,110.5,"-7.7049502,110.6018046","Klaten, Central Java"
-7.75,110.75,"-7.6815729,110.86772044271632","Sukoharjo, Central Java"
-7.75,111.0,"-7.814198,110.9259617","Wonogiri, Central Java"
-7.5,111.0,"-7.5975877,110.946872","Karanganyar, Central Java"
-7.5,111.0,"-7.4277335,111.023494","Sragen, Central Java"
-7.0,111.0,"-7.0811262,110.9172873","Purwodadi, Central Java"
-7.0,111.5,"-6.9691528,111.4130521","Blora, Central Java"
-6.75,111.25,"-6.7056856,111.3486234","Rembang, Central Java"
-6.75,111.0,"-6.7534144,111.0399982","Pati, Central Java"
-6.75,110.75,"-6.8078233,110.8416866","Kudus, Central Java"
-6.5,110.75,"-6.5899148,110.6672987","Jepara, Central Java"
-7.0,110.75,"-6.8947858,110.6385399","Demak, Central Java"
-7.0,110.5,"-6.9903988,110.4229104","Semarang, Central Java"
-7.25,110.25,"-7.3162826,110.1755869","Temanggung, Central Java"
-7.0,110.25,"-6.9217033,110.2040344","Kendal, Central Java"
-7.0,109.75,"-7.03235465,109.86795298436223","Batang, Central Java"
-7.0,109.75,"-6.8905065,109.6761489","Pekalongan, Central Java"
-7.0,109.5,"-6.8903801,109.3806311","Pemalang, Central Java"
-6.75,109.25,"-6.8673767,109.1378833","Tegal, Central Java"
-6.75,109.0,"-6.870636,109.0369034","Brebes, Central Java"
-7.5,110.75,"-7.5692489,110.828448","Surakarta, Central Java"
-7.25,110.5,"-7.3302642,110.4995353","Salatiga, Central Java"
-7.75,110.25,"-7.8176377,110.152945","Sendangsari, Special Region of Yogyakarta"
-8.0,110.25,"-7.8877454,110.3274139","Bantul, Special Region of Yogyakarta"
-8.0,110.5,"-8.0174948,110.6227607","Pacarejo, Special Region of Yogyakarta"
-7.75,110.25,"-7.8011945,110.364917","Yogyakarta, Special Region of Yogyakarta"
-6.75,106.25,"-6.6432601,106.18727177777018","Lebak, Banten"
-6.25,106.75,"-6.1761924,106.6382161","Tangerang, Banten"
-6.0,106.25,"-6.1169662,106.1518079","Serang, Banten"
-6.0,106.0,"-6.017389,106.0537688","Cilegon, Banten"
-8.5,114.75,"-8.3955784,114.70546114941028","Jembrana, Bali"
-8.75,115.25,"-8.64487245,115.1359045687686","Badung, Bali"
-8.5,115.25,"-8.5482357,115.32605401537212","Gianyar, Bali"
-8.75,115.5,"-8.74460265,115.5575441927512","Klungkung Regency, Bali"
-8.25,115.25,"-8.3333362,115.36828121658452","Bangli, Bali"
-6.5,108.25,"-6.44185365,108.17654724128828","Indramayu, West Java"
-7.75,115.25,"-7.8428262,115.19702946173408","Buleleng, Bali"
-8.75,115.25,"-8.6524973,115.2191175","Denpasar, Bali"
-8.75,116.0,"-8.6718889,116.122048","Lombok Barat, West Nusa Tenggara"
-8.75,116.25,"-8.703071,116.2899373","Lombok Tengah, West Nusa Tenggara"
-8.75,116.5,"-8.6330934,116.5587704","Lombok Timur, West Nusa Tenggara"
-8.5,118.25,"-8.5164771,118.33121614464076","Dompu, West Nusa Tenggara"
-8.5,118.75,"-8.4534091,118.727689","Bima, West Nusa Tenggara"
-8.75,117.0,"-8.658515,116.9161845","Sumbawa Barat, West Nusa Tenggara"
-8.5,116.0,"-8.5837726,116.10685","Mataram, West Nusa Tenggara"
-9.5,119.5,"-9.58570915,119.44394260619364","Sumba Barat, East Nusa Tenggara"
-10.0,120.25,"-9.9352243,120.3295293","Desa Katiku Luku, East Nusa Tenggara"
-10.25,123.5,"-10.1632209,123.6017755","Kupang, East Nusa Tenggara"
-9.75,124.5,"-9.82305125,124.43559530205364","Timor Tengah Selatan, East Nusa Tenggara"
-9.25,124.5,"-9.340513,124.61066614859644","Timor Tengah Utara, East Nusa Tenggara"
-9.5,125.0,"-9.54601665,124.87635324295294","Malaka, East Nusa Tenggara"
-8.25,124.75,"-8.29114485,124.7777164000955","Alor, East Nusa Tenggara"
-8.5,123.5,"-8.37814435,123.54462658999076","Lembata, East Nusa Tenggara"
-8.25,123.25,"-8.318462,123.16579632309583","Flores Timur, East Nusa Tenggara"
-8.5,122.0,"-8.5946841,122.0926352227644","Sikka, East Nusa Tenggara"
-8.75,121.75,"-8.6728675,121.69291732410474","Ende, East Nusa Tenggara"
-8.5,120.5,"-8.5480146,120.43898618548442","Manggarai, East Nusa Tenggara"
-10.75,123.25,"-10.68702915,123.20843503116711","Rote Ndao, East Nusa Tenggara"
-8.5,120.0,"-8.5741281,120.06112521397348","Manggarai Barat, East Nusa Tenggara"
-9.5,119.75,"-9.5935839,119.66627706284194","Sumba Tengah, East Nusa Tenggara"
-9.5,119.25,"-9.537821,119.16230194503792","Sumba Barat Daya, East Nusa Tenggara"
-8.75,121.25,"-8.67588695,121.27080266734956","Nagekeo, East Nusa Tenggara"
-8.5,120.75,"-8.57382735,120.6863591076901","Manggarai Timur, East Nusa Tenggara"
1.25,109.25,"1.33230095,109.3175718993474","Sambas, West Kalimantan"
0.75,109.5,"0.8354748999999999,109.48705663109828","Bengkayang, West Kalimantan"
0.25,109.75,"0.3279499999999999,109.68302672635323","Sengah Temila, West Kalimantan"
0.0,109.25,"-0.0226903,109.3447488","Pontianak, West Kalimantan"
0.0,110.5,"0.0607056,110.59119887380464","Kapuas, West Kalimantan"
-1.75,110.0,"-1.8477454,109.9727296","Delta Pawan, West Kalimantan"
0.0,111.5,"0.0633132,111.502333068362","Sintang, West Kalimantan"
-2.0,114.25,"-1.9228793,114.33636187676184","Kapuas, Central Kalimantan"
0.0,111.0,"0.05199305,110.8982045022521","Sekadau Hilir, West Kalimantan"
-0.75,111.75,"-0.73455255,111.7329975279168","Sayan, West Kalimantan"
-1.0,110.0,"-1.04815045,110.07314421554506","Simpang Hilir, West Kalimantan"
-0.25,109.75,"-0.2240804,109.77822835857454","Sungai Raya, West Kalimantan"
1.0,109.0,"0.9069861,108.9889657","Singkawang, West Kalimantan"
0.0,110.0,"0.0160628,110.1032777229907","Tayan Hilir, West Kalimantan"
-2.0,114.75,"-1.9228793,114.7888903619555","South Barito, Central Kalimantan"
-0.75,115.0,"-0.75421105,115.04514465808126","North Barito, Central Kalimantan"
-2.5,111.25,"-2.5602491,111.18377187972833","Sukamara, Central Kalimantan"
-1.75,111.5,"-1.77887445,111.41731653517353","Lamandau, Central Kalimantan"
-2.0,112.25,"-2.12017655,112.16502507460932","Seruyan, Central Kalimantan"
-2.75,114.25,"-2.746171,114.2622421","Pulang Pisau, Central Kalimantan"
-6.75,107.0,"-6.70841215,106.96227504141362","Cisarua, West Java"
-2.0,115.25,"-1.98191085,115.18038763971668","East Barito, Central Kalimantan"
0.0,114.25,"-0.06845085,114.17318186408708","Murung Raya, Central Kalimantan"
-2.25,114.0,"-2.2072919,113.9164372","Palangka Raya, Central Kalimantan"
-3.75,115.0,"-3.8440385,114.98885931183128","Tanah Laut, South Kalimantan"
-3.0,114.75,"-3.01929635,114.6779323066177","Barito Kuala, South Kalimantan"
-2.75,115.0,"-2.86227295,115.01096398201116","Tapin, South Kalimantan"
-2.75,115.25,"-2.71258085,115.15877705354862","Hulu Sungai Selatan, South Kalimantan"
-2.5,115.5,"-2.6187577,115.42929968958292","Hulu Sungai Tengah, South Kalimantan"
-2.5,115.25,"-2.4242449,115.15970607601024","Hulu Sungai Utara, South Kalimantan"
-1.75,115.5,"-1.8363209,115.51553368747264","Tabalong, South Kalimantan"
-3.5,115.75,"-3.44733285,115.70639332550724","Tanah Bumbu, South Kalimantan"
-2.25,115.5,"-2.28789725,115.62054766845203","Balangan, South Kalimantan"
-3.25,114.5,"-3.3187496,114.5925828","Banjarmasin, South Kalimantan"
-3.5,114.75,"-3.4397517,114.8309351","Banjarbaru, South Kalimantan"
-1.75,116.0,"-1.6896674,116.01582182012989","Paser, East Kalimantan"
0.75,116.25,"0.7884397,116.2419977","East Kalimantan, East Kalimantan"
0.25,116.25,"0.1956330499999999,116.20041670228474","Kutai Kartanegara, East Kalimantan"
1.75,117.25,"1.77675355,117.26917636895378","Berau, East Kalimantan"
2.5,115.75,"2.6185545,115.69049695186618","Malinau, North Kalimantan"
2.75,117.0,"2.76203405,117.07434677546522","Bulungan, North Kalimantan"
4.0,117.0,"3.9074565,117.04235063789662","Nunukan, North Kalimantan"
-1.25,116.5,"-1.1973862,116.567303267351","Penajam Paser Utara, East Kalimantan"
3.5,117.0,"3.5553285,117.04466025559536","Tana Tidung, North Kalimantan"
-1.25,116.75,"-1.2398711,116.8593379","Balikpapan, East Kalimantan"
-0.5,117.25,"-0.5017804,117.1393089","Samarinda, East Kalimantan"
3.25,117.75,"3.3000169,117.6330159","Tarakan, North Kalimantan"
0.0,117.5,"0.1236548,117.471708","Bontang, East Kalimantan"
1.0,124.75,"0.98826725,124.7306505503255","Minahasa Tenggara, North Sulawesi"
3.5,125.5,"3.5527078999999997,125.54656453706112","Kepulauan Sangihe, North Sulawesi"
4.25,126.75,"4.2694929,126.81354994457188","Talaud Islands, North Sulawesi"
1.5,125.0,"1.5183648,125.0004264462124","Minahasa Utara, North Sulawesi"
0.75,123.5,"0.7599112,123.48493750899732","Bolaang Mongondow Utara, North Sulawesi"
0.75,124.0,"0.6555692,124.090151","North Sulawesi, North Sulawesi"
1.5,124.75,"1.4900578,124.8408708","Manado, North Sulawesi"
1.5,125.25,"1.44344,125.1940836","Bitung, North Sulawesi"
1.25,124.75,"1.3255914,124.838605","Tomohon, North Sulawesi"
0.75,124.25,"0.7352231,124.3154057","Kotamobagu, North Sulawesi"
-1.75,123.0,"-1.8427943,123.10260764338364","Banggai Laut Regency, Central Sulawesi"
-2.25,121.75,"-2.35515285,121.65622391958854","Bungku Barat, Central Sulawesi"
-1.75,120.5,"-1.6568513,120.5421575","Poso Regency, Central Sulawesi"
-1.0,119.75,"-1.04782015,119.67584652002928","Donggala Regency, Central Sulawesi"
1.0,120.75,"0.88087905,120.69572672726544","Kecamatan Ogo Deide, Central Sulawesi"
1.0,121.25,"1.0123735,121.3120524","Buol, Central Sulawesi"
-0.25,120.0,"-0.23836055,119.95993110540972","Parigi Moutong Regency, Central Sulawesi"
-1.25,121.5,"-1.21313785,121.61960745763056","Tojo Una-Una Regency, Central Sulawesi"
-1.0,119.75,"-0.896493,119.85558786680411","Kecamatan Ulujadi, Central Sulawesi"
-4.75,119.5,"-4.75444955,119.58931052015694","Pangkajene dan Kepulauan, South Sulawesi"
-4.5,119.75,"-4.4337339,119.6778273395556","Barru, South Sulawesi"
-3.75,119.75,"-3.7932568,119.6528692","Pinrang, South Sulawesi"
-3.5,119.75,"-3.5657184,119.7724109","Enrekang, South Sulawesi"
-3.0,119.75,"-3.1169403,119.6937644","Tana Toraja Regency, South Sulawesi"
-5.25,119.5,"-5.1342962,119.4124282","Makassar, South Sulawesi"
-4.0,119.5,"-4.0057055,119.6236101","Pare-Pare, South Sulawesi"
-3.0,120.25,"-2.9996306,120.1920679","Palopo, South Sulawesi"
-5.25,123.0,"-5.35434535,122.95065902964969","Buton, Southeast Sulawesi"
-4.75,122.5,"-4.80367125,122.45145451148004","Muna Barat, Southeast Sulawesi"
-3.5,121.75,"-3.5116689,121.6523286664166","Konawe, Southeast Sulawesi"
-4.0,121.75,"-4.1213511,121.69294438375825","Kolaka, Southeast Sulawesi"
-4.75,121.75,"-4.6392558,121.75721102650508","Bombana, Southeast Sulawesi"
-5.25,123.5,"-5.3156704,123.58504369734992","Wakatobi, Southeast Sulawesi"
-3.25,121.0,"-3.2605039,121.09339837246316","Kolaka Utara, Southeast Sulawesi"
-3.5,121.75,"-3.5491199,121.7279646","Southeast Sulawesi, Southeast Sulawesi"
-3.5,122.0,"-3.4549579,121.97625695169512","Konawe Utara, Southeast Sulawesi"
-4.0,122.5,"-3.9918068,122.5180066","Kendari, Southeast Sulawesi"
-5.5,122.5,"-5.4620298,122.6057655","Baubau, Southeast Sulawesi"
0.5,123.0,"0.5384433,123.0594971","Gorontalo, Gorontalo"
0.75,121.75,"0.70182105,121.647074637769","Pohuwato, Gorontalo"
0.5,123.25,"0.5564031,123.30997053104662","Bone Bolango, Gorontalo"
0.75,123.0,"0.86619755,123.04952863746922","Gorontalo Utara, Gorontalo"
-3.5,119.0,"-3.5459286,118.9607438","Majene, West Sulawesi"
-3.25,119.25,"-3.3031896,119.1450522025905","Polewali Mandar, West Sulawesi"
-2.75,119.0,"-2.6757443,118.8885839","Mamuju, West Sulawesi"
-1.25,119.5,"-1.3447436,119.37951116599088","Pasangkayu, West Sulawesi"
-7.5,131.5,"-7.5740504,131.42239399371346","Kepulauan Tanimbar, Maluku"
-5.75,132.75,"-5.77148835,132.73776002114303","Maluku Tenggara, Maluku"
-3.0,129.5,"-3.1214456,129.45999219128663","Maluku Tengah, Maluku"
-3.25,126.75,"-3.35390945,126.64891836945","Buru, Maluku"
-6.25,134.5,"-6.2281475,134.49796567482778","Aru Islands, Maluku"
-3.25,128.5,"-3.1642057,128.48365583768998","Seram Bagian Barat, Maluku"
-3.75,128.25,"-3.6959434,128.178785","Ambon, Maluku"
-5.75,132.75,"-5.6389933,132.7429249","Tual, Maluku"
1.0,128.25,"1.0027852,128.24879355139635","Halmahera Timur, North Maluku"
0.75,128.0,"0.6301215,127.9720219","North Maluku, North Maluku"
0.75,127.5,"0.7852338,127.3831752","Ternate, North Maluku"
0.75,127.5,"0.6786796,127.4483156","Tidore Kepulauan, North Maluku"
-3.25,133.0,"-3.27040235,133.08884774738942","Fakfak, West Papua"
-3.5,134.25,"-3.51583585,134.3165746374882","Kaimana, West Papua"
-2.75,134.5,"-2.63252505,134.5661466112706","Teluk Wondama, West Papua"
-0.75,134.0,"-0.8614456,134.0767324","Manokwari, West Papua"
-0.75,131.25,"-0.8634105,131.2544805","Sorong, Southwest Papua"
-0.75,130.25,"-0.7125553,130.30344727618905","Raja Ampat, Southwest Papua"
-8.5,140.5,"-8.5067725,140.4052487","Mandala, South Papua"
-4.0,138.75,"-4.00515595,138.79116670619032","Muliama, Highland Papua"
-2.5,140.75,"-2.5387539,140.7037389","Jayapura, Papua"
-3.25,136.0,"-3.34679705,135.95027197764264","Kabupaten Nabire, Central Papua"
-1.75,136.25,"-1.7558371,136.36645232326111","Yapen Islands Regency, Papua"
-1.0,136.0,"-0.94260305,135.94141931810083","Biak Numfor, Papua"
-3.75,136.5,"-3.7426381,136.37780657611273","Paniai, Central Papua"
-4.5,137.0,"-4.58752585,136.94779637745836","Mimika, Central Papua"
-6.0,140.25,"-6.1058244,140.3130821","Boven Digoel, South Papua"
-6.25,139.25,"-6.3295533,139.2877311769568","Mappi, South Papua"
-5.5,138.75,"-5.53144865,138.78969207926625","Asmat, South Papua"
-4.25,139.5,"-4.3739458,139.46481619972155","Yahukimo, Highland Papua"
-4.5,140.5,"-4.47549205,140.55767765000002","Pegunungan Bintang, Highland Papua"
-3.5,138.25,"-3.4496601,138.34912941377996","Tolikara, Highland Papua"
-1.75,138.75,"-1.8546889,138.7492642","Sarmi, Papua"
-3.25,140.75,"-3.33359215,140.6726624835297","Keerom, Papua"
-2.75,136.75,"-2.71879645,136.65041114488832","Waropen Regency, Papua"
-0.75,135.75,"-0.7535972,135.63496449965294","Supiori, Papua"
-2.5,137.75,"-2.39570045,137.81688352876023","Mamberamo Raya, Papua"
1.75,100.0,"1.83365285,100.06837229666324","South Labuhanbatu, North Sumatra"
1.0,97.25,"0.8964868,97.34332682","West Nias, North Sumatra"
1.25,97.5,"1.2900569,97.6150768","Gunungsitoli, North Sumatra"
1.0,102.5,"0.87785565,102.52801484903829","Tebing Tinggi Barat, Riau"
-4.5,105.25,"-4.43242555,105.16826426180435","Tulang Bawang Barat, Lampung"
-5.25,105.0,"-5.36668925,104.97221206481078","Pringsewu, Lampung"
-4.0,105.25,"-3.97541905,105.37494356303488","Mesuji, Lampung"
3.0,105.75,"2.93890105,105.76025801074812","Kepulauan Anambas, Riau Islands"
-7.75,110.25,"-7.721218,110.337785","Sumberadi, Special Region of Yogyakarta"
-8.25,116.25,"-8.3572425,116.1609208","Lombok Utara, West Nusa Tenggara"
-10.5,122.0,"-10.52223145,121.88845836848472","Sabu Raijua, East Nusa Tenggara"
0.75,124.5,"0.7649432,124.443775","Bongkudai Baru, North Sulawesi"
0.5,124.25,"0.4533359999999999,124.17963002979504","Bolaang Mongondow Selatan, North Sulawesi"
-1.25,120.0,"-1.3211588,119.9987265","Sigi Regency, Central Sulawesi"
-2.75,119.75,"-2.861242,119.84201182894404","Toraja Utara, South Sulawesi"
-7.75,126.25,"-7.7867206,126.24278269900458","Maluku Barat Daya, Maluku"
2.25,128.5,"2.31292335,128.4418555663806","Pulau Morotai, North Maluku"
-0.75,132.75,"-0.85012825,132.7243580581813","Tambrauw, Southwest Papua"
-3.75,139.5,"-3.7353308,139.55058153295795","Yalimo, Highland Papua"
-4.0,138.25,"-3.9977349,138.37311646689645","Lanny Jaya, Highland Papua"
-4.0,135.75,"-4.00475095,135.71669639990017","Dogiyai, Central Papua"
-3.5,136.75,"-3.5229883,136.71846614467228","Intan Jaya, Central Papua"
-4.25,136.5,"-4.18793855,136.44531264172787","Deiyai, Central Papua"
